Roll No,Total Marks
1,0.04729313093511294
2,1.2511182820107114
3,-0.8125819769760291
4,-0.7265944661849149
5,1.2511182820107114
6,0.649205706472912
7,0.3912431740995696
8,-1.8444321064693994
9,0.21926815251734108
10,-0.2966569122293439
11,0.13328064172622683
12,1.079143260428483
13,-1.2425195309316
14,-1.4144945525138284
15,1.595068325175168
16,0.8211807280551405
17,0.3912431740995696
18,-1.8444321064693994
19,0.21926815251734108
20,0.13328064172622683
